{"epoch": [1, 2, 3, 4, 5], "train_loss": [2.111983063392639, 1.4511660665130615, 1.2798845613479615, 1.1463600701522827, 1.054684467086792], "train_acc": [0.53493, 0.65701, 0.69253, 0.72211, 0.74255], "val_loss": [0.9734529937744141, 0.8831316553115844, 0.8837934146881103, 0.8762583197593689, 0.8606288557052613], "val_acc": [0.7555, 0.7756, 0.7728, 0.7834, 0.7839], "val_f1": [0.7563999311698164, 0.77675556163954, 0.7751687286643292, 0.7831698521174905, 0.7852663499862073], "val_auc": [0.9943865728643214, 0.9955212864321606, 0.9959532261306534, 0.9956034673366836, 0.9955667939698492]}